{
	"partitions" : [
		{
			"name" : "Top",
			"pins" : [
				{
					"name" : "out",
					"strict" : false
				},
				{
					"name" : "in[0]",
					"strict" : false
				},
				{
					"name" : "in[1]",
					"strict" : false
				},
				{
					"name" : "in[2]",
					"strict" : false
				},
				{
					"name" : "in[3]",
					"strict" : false
				},
				{
					"name" : "selector[0]",
					"strict" : false
				},
				{
					"name" : "selector[1]",
					"strict" : false
				}
			]
		}
	]
}